{"cameraMode":{"drawMode":0,"name":"Shaded","section":"Shading Mode"},"sceneLighting":true,"audioPlay":false,"sceneViewState":{"m_AlwaysRefresh":false,"showFog":true,"showSkybox":true,"showFlares":true,"showImageEffects":true,"showParticleSystems":true,"showVisualEffectGraphs":true,"m_FxEnabled":true},"in2DMode":false,"pivot":{"x":-7.416043758392334,"y":2.7626430988311769,"z":-12.951018333435059},"rotation":{"x":-0.12424026429653168,"y":-0.7655371427536011,"z":0.15556544065475465,"w":-0.6120368838310242},"size":0.9192905426025391,"orthographic":false}